revision,commit,run,key_kind,key_length,operation,mean_ms,p99_ms,rme_pct,samples
base,f0e13f8222c18baa03227213aa44e44bb3cafd7a,1,plain,2,serialize,192.92072930000003,289.62179744,18.31174860820425,10
base,f0e13f8222c18baa03227213aa44e44bb3cafd7a,1,plain,2,toJSON,126.69350000000018,262.09640322000007,36.635992488183724,10
base,f0e13f8222c18baa03227213aa44e44bb3cafd7a,1,plain,2,fromJSON,45.45103617391301,51.93181423999973,3.8929936343575737,23
head,0ab1bcd03647352712870ed677d515cc5157f0f6,1,plain,2,serialize,141.7042083,152.02466303000008,3.758972160040196,10
head,0ab1bcd03647352712870ed677d515cc5157f0f6,1,plain,2,toJSON,73.24447628571423,79.32563529000001,2.5316542746276967,14
head,0ab1bcd03647352712870ed677d515cc5157f0f6,1,plain,2,fromJSON,45.62139395454542,51.135094430000244,2.527336595445424,22
base,f0e13f8222c18baa03227213aa44e44bb3cafd7a,1,plain,4,serialize,185.33906650000003,291.75623122000013,16.630511774614824,10
base,f0e13f8222c18baa03227213aa44e44bb3cafd7a,1,plain,4,toJSON,132.84908749999983,205.53734125000025,22.287245919812804,10
base,f0e13f8222c18baa03227213aa44e44bb3cafd7a,1,plain,4,fromJSON,43.9346431304349,47.67079776000066,1.7597853259839817,23
head,0ab1bcd03647352712870ed677d515cc5157f0f6,1,plain,4,serialize,167.05734999999999,342.13702747,29.259640304098177,10
head,0ab1bcd03647352712870ed677d515cc5157f0f6,1,plain,4,toJSON,85.63675341666666,125.04021012000034,13.624304219799738,12
head,0ab1bcd03647352712870ed677d515cc5157f0f6,1,plain,4,fromJSON,44.174501956521816,47.63485999999988,1.4848967657180205,23
base,f0e13f8222c18baa03227213aa44e44bb3cafd7a,1,plain,8,serialize,252.40897489999992,566.5524973700001,34.7135408754561,10
base,f0e13f8222c18baa03227213aa44e44bb3cafd7a,1,plain,8,toJSON,146.31615430000002,160.76201500000042,3.6133753378354423,10
base,f0e13f8222c18baa03227213aa44e44bb3cafd7a,1,plain,8,fromJSON,44.92878252173913,47.09326101999976,1.0402430331748165,23
head,0ab1bcd03647352712870ed677d515cc5157f0f6,1,plain,8,serialize,160.1217123999999,192.59436571999964,9.788211410920585,10
head,0ab1bcd03647352712870ed677d515cc5157f0f6,1,plain,8,toJSON,121.65077070000001,342.11416700000063,51.106226705152544,10
head,0ab1bcd03647352712870ed677d515cc5157f0f6,1,plain,8,fromJSON,59.9291739411766,129.82590028000064,21.057012817816386,17
base,f0e13f8222c18baa03227213aa44e44bb3cafd7a,1,plain,12,serialize,282.98781250000013,512.1494837500002,23.86642432357339,10
base,f0e13f8222c18baa03227213aa44e44bb3cafd7a,1,plain,12,toJSON,187.58624600000007,251.48787071999982,11.805906548299374,10
base,f0e13f8222c18baa03227213aa44e44bb3cafd7a,1,plain,12,fromJSON,119.46564189999962,425.0946064099989,73.76407151091391,10
head,0ab1bcd03647352712870ed677d515cc5157f0f6,1,plain,12,serialize,146.15861670000012,198.1634205000002,10.526699809428496,10
head,0ab1bcd03647352712870ed677d515cc5157f0f6,1,plain,12,toJSON,72.66591357142852,91.49306924999998,6.657143551459578,14
head,0ab1bcd03647352712870ed677d515cc5157f0f6,1,plain,12,fromJSON,45.7506665217391,65.16064174000036,6.038895915735456,23
base,f0e13f8222c18baa03227213aa44e44bb3cafd7a,1,plain,16,serialize,270.593896,308.86233755999996,4.655246204890194,10
base,f0e13f8222c18baa03227213aa44e44bb3cafd7a,1,plain,16,toJSON,205.95207919999993,233.6793256899994,4.740388170992431,10
base,f0e13f8222c18baa03227213aa44e44bb3cafd7a,1,plain,16,fromJSON,55.19198026315773,81.1888918199996,9.731126811730899,19
head,0ab1bcd03647352712870ed677d515cc5157f0f6,1,plain,16,serialize,143.72504569999995,157.73138949999975,4.721267506066138,10
head,0ab1bcd03647352712870ed677d515cc5157f0f6,1,plain,16,toJSON,92.21568927272719,138.0312207999999,15.977856497780005,11
head,0ab1bcd03647352712870ed677d515cc5157f0f6,1,plain,16,fromJSON,53.058901421052674,67.81477888000009,5.0222647149324695,19
base,f0e13f8222c18baa03227213aa44e44bb3cafd7a,1,plain,32,serialize,399.0801958999999,493.08149624999993,7.243978925419404,10
base,f0e13f8222c18baa03227213aa44e44bb3cafd7a,1,plain,32,toJSON,357.6552373999999,566.4782380300007,17.208384596071973,10
base,f0e13f8222c18baa03227213aa44e44bb3cafd7a,1,plain,32,fromJSON,54.3001863684209,60.53351194000028,2.8706281741951574,19
head,0ab1bcd03647352712870ed677d515cc5157f0f6,1,plain,32,serialize,247.14823750000002,481.3780539399999,38.56306175332331,10
head,0ab1bcd03647352712870ed677d515cc5157f0f6,1,plain,32,toJSON,83.40774308333333,95.20198862999997,4.385824245205758,12
head,0ab1bcd03647352712870ed677d515cc5157f0f6,1,plain,32,fromJSON,49.238514,62.5631997999999,5.0677709472609385,21
base,f0e13f8222c18baa03227213aa44e44bb3cafd7a,1,escaped,2,serialize,151.4179126,162.55731877999978,3.691737609666559,10
base,f0e13f8222c18baa03227213aa44e44bb3cafd7a,1,escaped,2,toJSON,83.89866308333337,108.97041337000017,8.688585402669455,12
base,f0e13f8222c18baa03227213aa44e44bb3cafd7a,1,escaped,2,fromJSON,81.43582053846143,89.01683611999964,3.3594586419223993,13
head,0ab1bcd03647352712870ed677d515cc5157f0f6,1,escaped,2,serialize,174.75105430000005,215.47921874999983,8.378977428170607,10
head,0ab1bcd03647352712870ed677d515cc5157f0f6,1,escaped,2,toJSON,84.20553466666665,104.29309836999968,7.112707004471135,12
head,0ab1bcd03647352712870ed677d515cc5157f0f6,1,escaped,2,fromJSON,62.69315112500011,70.03928305000018,3.363782856459329,16
base,f0e13f8222c18baa03227213aa44e44bb3cafd7a,1,escaped,4,serialize,221.1368208,283.57605125000015,10.817242331591329,10
base,f0e13f8222c18baa03227213aa44e44bb3cafd7a,1,escaped,4,toJSON,255.68386249999995,496.73631549999993,38.392083631084176,10
base,f0e13f8222c18baa03227213aa44e44bb3cafd7a,1,escaped,4,fromJSON,241.16564579999985,458.90387881000066,38.47322887090204,10
head,0ab1bcd03647352712870ed677d515cc5157f0f6,1,escaped,4,serialize,216.20013319999993,349.76738730999995,17.53479749142916,10
head,0ab1bcd03647352712870ed677d515cc5157f0f6,1,escaped,4,toJSON,86.24019449999984,96.10791173999974,3.409444061963435,12
head,0ab1bcd03647352712870ed677d515cc5157f0f6,1,escaped,4,fromJSON,63.76007550000003,66.09609099999943,1.5586922731598154,16
base,f0e13f8222c18baa03227213aa44e44bb3cafd7a,1,escaped,8,serialize,239.76181239999997,321.4548580000003,10.21481513070768,10
base,f0e13f8222c18baa03227213aa44e44bb3cafd7a,1,escaped,8,toJSON,220.8020249999998,365.0156887499993,31.53309595787682,10
base,f0e13f8222c18baa03227213aa44e44bb3cafd7a,1,escaped,8,fromJSON,112.48980410000004,156.52984181000016,15.28766692492391,10
head,0ab1bcd03647352712870ed677d515cc5157f0f6,1,escaped,8,serialize,182.72451250000003,242.62026894000007,12.131344409580054,10
head,0ab1bcd03647352712870ed677d515cc5157f0f6,1,escaped,8,toJSON,103.89938760000014,129.51517250000018,7.950840537113543,10
head,0ab1bcd03647352712870ed677d515cc5157f0f6,1,escaped,8,fromJSON,71.20885546666658,90.09451412000001,5.024743790325065,15
base,f0e13f8222c18baa03227213aa44e44bb3cafd7a,1,escaped,12,serialize,240.61486660000014,268.1039025299999,4.052616181994184,10
base,f0e13f8222c18baa03227213aa44e44bb3cafd7a,1,escaped,12,toJSON,171.53701260000003,186.02832809000049,4.416111174754476,10
base,f0e13f8222c18baa03227213aa44e44bb3cafd7a,1,escaped,12,fromJSON,93.45356063636385,112.98008780000028,7.037126539422567,11
head,0ab1bcd03647352712870ed677d515cc5157f0f6,1,escaped,12,serialize,230.56744580000006,305.5271093099998,10.137077532870176,10
head,0ab1bcd03647352712870ed677d515cc5157f0f6,1,escaped,12,toJSON,129.3857833,166.5107675299997,12.87123277774078,10
head,0ab1bcd03647352712870ed677d515cc5157f0f6,1,escaped,12,fromJSON,114.26315010000006,192.7845425,23.36513198782671,10
base,f0e13f8222c18baa03227213aa44e44bb3cafd7a,1,escaped,16,serialize,310.6849663999999,394.52404316,7.8681843239665845,10
base,f0e13f8222c18baa03227213aa44e44bb3cafd7a,1,escaped,16,toJSON,262.00218760000007,294.70715106000074,5.932232035010798,10
base,f0e13f8222c18baa03227213aa44e44bb3cafd7a,1,escaped,16,fromJSON,103.50959180000008,135.90871255999988,9.671238735996655,10
head,0ab1bcd03647352712870ed677d515cc5157f0f6,1,escaped,16,serialize,398.5836292,509.91814802999977,13.343725803815284,10
head,0ab1bcd03647352712870ed677d515cc5157f0f6,1,escaped,16,toJSON,119.65396660000016,144.47185391000016,8.19859100441948,10
head,0ab1bcd03647352712870ed677d515cc5157f0f6,1,escaped,16,fromJSON,90.3981735833334,104.92615574999955,5.437212511445807,12
base,f0e13f8222c18baa03227213aa44e44bb3cafd7a,1,escaped,32,serialize,556.9281289999999,847.5761837799998,17.719773055535008,10
base,f0e13f8222c18baa03227213aa44e44bb3cafd7a,1,escaped,32,toJSON,489.2477291999999,867.8296805600003,26.270529178542724,10
base,f0e13f8222c18baa03227213aa44e44bb3cafd7a,1,escaped,32,fromJSON,107.83760829999974,130.79575703000015,6.534019021067198,10
head,0ab1bcd03647352712870ed677d515cc5157f0f6,1,escaped,32,serialize,348.46976659999973,790.24007263,36.24814373810627,10
head,0ab1bcd03647352712870ed677d515cc5157f0f6,1,escaped,32,toJSON,195.9998417000001,311.86772619000027,20.89354179201612,10
head,0ab1bcd03647352712870ed677d515cc5157f0f6,1,escaped,32,fromJSON,92.33928418181792,135.14566249999862,12.512845225917637,11
base,f0e13f8222c18baa03227213aa44e44bb3cafd7a,2,plain,2,serialize,157.9379041,172.67311375000037,3.627615541839018,10
base,f0e13f8222c18baa03227213aa44e44bb3cafd7a,2,plain,2,toJSON,96.9921362727274,108.63244189999996,4.278575789549352,11
base,f0e13f8222c18baa03227213aa44e44bb3cafd7a,2,plain,2,fromJSON,52.273710350000016,60.92421772999974,3.2488325019199813,20
head,0ab1bcd03647352712870ed677d515cc5157f0f6,2,plain,2,serialize,179.07414999999992,212.95394243999945,7.269517830409532,10
head,0ab1bcd03647352712870ed677d515cc5157f0f6,2,plain,2,toJSON,84.24669116666648,95.52633562999992,4.6202001552478835,12
head,0ab1bcd03647352712870ed677d515cc5157f0f6,2,plain,2,fromJSON,57.28434716666667,97.9996714699999,11.213195514143356,18
base,f0e13f8222c18baa03227213aa44e44bb3cafd7a,2,plain,4,serialize,216.69969149999997,384.1815174399999,21.965358739313153,10
base,f0e13f8222c18baa03227213aa44e44bb3cafd7a,2,plain,4,toJSON,102.01465829999992,109.93738927999992,3.273464605744815,10
base,f0e13f8222c18baa03227213aa44e44bb3cafd7a,2,plain,4,fromJSON,48.95790861904754,95.97610860000009,12.558185845845468,21
head,0ab1bcd03647352712870ed677d515cc5157f0f6,2,plain,4,serialize,159.27305409999997,276.88568319,20.7531954729986,10
head,0ab1bcd03647352712870ed677d515cc5157f0f6,2,plain,4,toJSON,75.07312207142851,88.45309096000027,3.8367890405744114,14
head,0ab1bcd03647352712870ed677d515cc5157f0f6,2,plain,4,fromJSON,48.703248000000016,52.25136680000014,2.4107644705322726,21
base,f0e13f8222c18baa03227213aa44e44bb3cafd7a,2,plain,8,serialize,234.76636670000002,273.1720095300001,6.535998525497481,10
base,f0e13f8222c18baa03227213aa44e44bb3cafd7a,2,plain,8,toJSON,165.474021,255.20904075000055,17.290096286809348,10
base,f0e13f8222c18baa03227213aa44e44bb3cafd7a,2,plain,8,fromJSON,54.0817562499999,114.74218702000013,16.394586725499057,20
head,0ab1bcd03647352712870ed677d515cc5157f0f6,2,plain,8,serialize,219.51708769999993,378.84443949999957,21.689800530203936,10
head,0ab1bcd03647352712870ed677d515cc5157f0f6,2,plain,8,toJSON,97.29614027272726,147.58207499999972,14.042757881408352,11
head,0ab1bcd03647352712870ed677d515cc5157f0f6,2,plain,8,fromJSON,54.029723684210495,77.31322988000011,8.072038293507372,19
base,f0e13f8222c18baa03227213aa44e44bb3cafd7a,2,plain,12,serialize,339.7923332000001,786.9072376600005,39.65336943916205,10
base,f0e13f8222c18baa03227213aa44e44bb3cafd7a,2,plain,12,toJSON,188.93997069999998,257.0854080000001,13.352468316049368,10
base,f0e13f8222c18baa03227213aa44e44bb3cafd7a,2,plain,12,fromJSON,45.83645272727269,50.237055570000756,1.9941492058669432,22
head,0ab1bcd03647352712870ed677d515cc5157f0f6,2,plain,12,serialize,154.47910829999998,168.49448947000016,3.272921945836523,10
head,0ab1bcd03647352712870ed677d515cc5157f0f6,2,plain,12,toJSON,79.28124030769246,93.59969503999994,5.677751137924505,13
head,0ab1bcd03647352712870ed677d515cc5157f0f6,2,plain,12,fromJSON,46.341808681818215,52.20971121000038,3.062033856580563,22
base,f0e13f8222c18baa03227213aa44e44bb3cafd7a,2,plain,16,serialize,432.03209590000006,552.2945125300007,11.175860636797163,10
base,f0e13f8222c18baa03227213aa44e44bb3cafd7a,2,plain,16,toJSON,338.71420419999987,400.87570803000085,8.622123834878979,10
base,f0e13f8222c18baa03227213aa44e44bb3cafd7a,2,plain,16,fromJSON,94.80747241666663,157.01921475999993,22.258301507703067,12
head,0ab1bcd03647352712870ed677d515cc5157f0f6,2,plain,16,serialize,164.8681125,189.78542733999987,5.354679006395417,10
head,0ab1bcd03647352712870ed677d515cc5157f0f6,2,plain,16,toJSON,115.39196250000023,157.49349547000045,17.03688025192008,10
head,0ab1bcd03647352712870ed677d515cc5157f0f6,2,plain,16,fromJSON,65.34175531250003,122.9995456,20.889351101360276,16
base,f0e13f8222c18baa03227213aa44e44bb3cafd7a,2,plain,32,serialize,429.0278918999998,470.27336571999996,3.0852829181320267,10
base,f0e13f8222c18baa03227213aa44e44bb3cafd7a,2,plain,32,toJSON,386.79141670000007,530.2601769099988,13.008810923846331,10
base,f0e13f8222c18baa03227213aa44e44bb3cafd7a,2,plain,32,fromJSON,54.261486947368745,58.68823200000075,2.0907068156795248,19
head,0ab1bcd03647352712870ed677d515cc5157f0f6,2,plain,32,serialize,248.1680499999998,300.49607824999964,12.114193477970877,10
head,0ab1bcd03647352712870ed677d515cc5157f0f6,2,plain,32,toJSON,130.76992510000017,166.26751197000027,13.837873928532648,10
head,0ab1bcd03647352712870ed677d515cc5157f0f6,2,plain,32,fromJSON,79.253737153846,136.72445992000016,20.226752565582107,13
base,f0e13f8222c18baa03227213aa44e44bb3cafd7a,2,escaped,2,serialize,243.66468329999995,677.0345432200002,49.65002905971581,10
base,f0e13f8222c18baa03227213aa44e44bb3cafd7a,2,escaped,2,toJSON,83.8199583333331,111.60953624999968,9.029679827657274,12
base,f0e13f8222c18baa03227213aa44e44bb3cafd7a,2,escaped,2,fromJSON,93.34861354545451,105.40494130000025,5.397798016916703,11
head,0ab1bcd03647352712870ed677d515cc5157f0f6,2,escaped,2,serialize,205.82689589999984,230.59157146999996,6.351220534861316,10
head,0ab1bcd03647352712870ed677d515cc5157f0f6,2,escaped,2,toJSON,121.44743350000017,178.20423644000041,15.607123984632192,10
head,0ab1bcd03647352712870ed677d515cc5157f0f6,2,escaped,2,fromJSON,118.0480751,217.44022068999982,26.230563570309467,10
base,f0e13f8222c18baa03227213aa44e44bb3cafd7a,2,escaped,4,serialize,193.70917480000003,216.68036869000002,5.700233826717847,10
base,f0e13f8222c18baa03227213aa44e44bb3cafd7a,2,escaped,4,toJSON,117.9979668,181.98481256000008,16.65903664504095,10
base,f0e13f8222c18baa03227213aa44e44bb3cafd7a,2,escaped,4,fromJSON,133.76841670000013,270.2848292800006,39.97634457452579,10
head,0ab1bcd03647352712870ed677d515cc5157f0f6,2,escaped,4,serialize,366.74136680000026,1090.61752825,61.20137726861472,10
head,0ab1bcd03647352712870ed677d515cc5157f0f6,2,escaped,4,toJSON,91.37459399999996,104.97215063000033,6.1498315153899625,12
head,0ab1bcd03647352712870ed677d515cc5157f0f6,2,escaped,4,fromJSON,104.6229083000001,300.36220944000104,52.59340543171383,10
base,f0e13f8222c18baa03227213aa44e44bb3cafd7a,2,escaped,8,serialize,251.7494543,422.29634434,20.118363634947762,10
base,f0e13f8222c18baa03227213aa44e44bb3cafd7a,2,escaped,8,toJSON,135.2396749999999,154.44341874999972,6.410789994648954,10
base,f0e13f8222c18baa03227213aa44e44bb3cafd7a,2,escaped,8,fromJSON,92.39534845454571,108.52004140000054,6.0446539106295445,11
head,0ab1bcd03647352712870ed677d515cc5157f0f6,2,escaped,8,serialize,235.70801649999993,349.58908496999976,15.091395997924273,10
head,0ab1bcd03647352712870ed677d515cc5157f0f6,2,escaped,8,toJSON,101.68565389999985,121.9066548100008,6.234476917484906,10
head,0ab1bcd03647352712870ed677d515cc5157f0f6,2,escaped,8,fromJSON,67.0593222000003,74.04549323999937,3.283790986917936,15
base,f0e13f8222c18baa03227213aa44e44bb3cafd7a,2,escaped,12,serialize,330.8814377000001,373.0403299999998,8.377797951604276,10
base,f0e13f8222c18baa03227213aa44e44bb3cafd7a,2,escaped,12,toJSON,250.7179877,422.4177843099999,20.138034401323125,10
base,f0e13f8222c18baa03227213aa44e44bb3cafd7a,2,escaped,12,fromJSON,92.45565909090891,104.21406659999975,4.788416985587066,11
head,0ab1bcd03647352712870ed677d515cc5157f0f6,2,escaped,12,serialize,205.62146660000008,230.95278696999992,4.579195404983276,10
head,0ab1bcd03647352712870ed677d515cc5157f0f6,2,escaped,12,toJSON,127.22252100000004,184.42764197000008,14.468208527838595,10
head,0ab1bcd03647352712870ed677d515cc5157f0f6,2,escaped,12,fromJSON,92.45174254545468,131.3756039,12.47431040232091,11
base,f0e13f8222c18baa03227213aa44e44bb3cafd7a,2,escaped,16,serialize,410.3021082000002,547.3265592499995,15.43566550245486,10
base,f0e13f8222c18baa03227213aa44e44bb3cafd7a,2,escaped,16,toJSON,542.50085,1193.5338412200008,39.77031342209061,10
base,f0e13f8222c18baa03227213aa44e44bb3cafd7a,2,escaped,16,fromJSON,126.60563769999972,229.75070275000007,27.691076651579305,10
head,0ab1bcd03647352712870ed677d515cc5157f0f6,2,escaped,16,serialize,264.43386240000007,363.0257032200001,13.312819857011416,10
head,0ab1bcd03647352712870ed677d515cc5157f0f6,2,escaped,16,toJSON,218.82500829999998,454.80497049999985,31.3170921233729,10
head,0ab1bcd03647352712870ed677d515cc5157f0f6,2,escaped,16,fromJSON,117.25270430000019,148.78821149999956,9.538115589544303,10
base,f0e13f8222c18baa03227213aa44e44bb3cafd7a,2,escaped,32,serialize,523.8197331,689.0440835000007,11.936904759389815,10
base,f0e13f8222c18baa03227213aa44e44bb3cafd7a,2,escaped,32,toJSON,399.13203749999974,472.86183446999956,8.33247537853997,10
base,f0e13f8222c18baa03227213aa44e44bb3cafd7a,2,escaped,32,fromJSON,109.94687100000046,138.5998057500008,12.788535372377021,10
head,0ab1bcd03647352712870ed677d515cc5157f0f6,2,escaped,32,serialize,279.2904665000001,357.5176448399999,11.005611234028558,10
head,0ab1bcd03647352712870ed677d515cc5157f0f6,2,escaped,32,toJSON,176.5087958000001,303.57590631000045,21.191384076944118,10
head,0ab1bcd03647352712870ed677d515cc5157f0f6,2,escaped,32,fromJSON,99.0837803636361,144.24452949999923,11.925653703683803,11
base,f0e13f8222c18baa03227213aa44e44bb3cafd7a,3,plain,2,serialize,186.10907089999998,205.17998752999992,4.492904687847164,10
base,f0e13f8222c18baa03227213aa44e44bb3cafd7a,3,plain,2,toJSON,106.27161659999996,113.02057996999991,3.204419083527807,10
base,f0e13f8222c18baa03227213aa44e44bb3cafd7a,3,plain,2,fromJSON,61.93142647058829,72.60638999999999,5.793351791093283,17
head,0ab1bcd03647352712870ed677d515cc5157f0f6,3,plain,2,serialize,188.5519206999999,245.8237651899998,10.88498015022995,10
head,0ab1bcd03647352712870ed677d515cc5157f0f6,3,plain,2,toJSON,142.8550332999999,340.7483007200002,39.47858872316221,10
head,0ab1bcd03647352712870ed677d515cc5157f0f6,3,plain,2,fromJSON,49.32811309523805,69.06875000000001,5.89210626474333,21
base,f0e13f8222c18baa03227213aa44e44bb3cafd7a,3,plain,4,serialize,172.23698329999996,184.26687697000006,2.866142469623721,10
base,f0e13f8222c18baa03227213aa44e44bb3cafd7a,3,plain,4,toJSON,107.85052910000003,116.49987497000015,3.268155461362763,10
base,f0e13f8222c18baa03227213aa44e44bb3cafd7a,3,plain,4,fromJSON,48.62238695238098,51.818132999999946,1.8108781817953268,21
head,0ab1bcd03647352712870ed677d515cc5157f0f6,3,plain,4,serialize,143.34254180000002,152.73363125000012,3.0995996486577755,10
head,0ab1bcd03647352712870ed677d515cc5157f0f6,3,plain,4,toJSON,77.67933984615387,84.00352812000021,2.454224457936309,13
head,0ab1bcd03647352712870ed677d515cc5157f0f6,3,plain,4,fromJSON,50.25023740000002,55.495301250000374,2.092482645026882,20
base,f0e13f8222c18baa03227213aa44e44bb3cafd7a,3,plain,8,serialize,223.15022510000006,244.32751555999982,3.9398029437711717,10
base,f0e13f8222c18baa03227213aa44e44bb3cafd7a,3,plain,8,toJSON,160.75395019999996,175.79494005999973,4.500549281194078,10
base,f0e13f8222c18baa03227213aa44e44bb3cafd7a,3,plain,8,fromJSON,44.827949260869715,52.88780076000072,3.103875069130343,23
head,0ab1bcd03647352712870ed677d515cc5157f0f6,3,plain,8,serialize,167.91335420000004,243.75149000000022,14.121903373830486,10
head,0ab1bcd03647352712870ed677d515cc5157f0f6,3,plain,8,toJSON,74.27049107142858,84.46884437999992,3.9865284975730706,14
head,0ab1bcd03647352712870ed677d515cc5157f0f6,3,plain,8,fromJSON,49.545702476190634,68.4319254,7.6248048912723645,21
base,f0e13f8222c18baa03227213aa44e44bb3cafd7a,3,plain,12,serialize,166.96593750000002,200.05785875000007,6.1838246149821305,10
base,f0e13f8222c18baa03227213aa44e44bb3cafd7a,3,plain,12,toJSON,124.87859600000002,157.14704072000012,8.944272762569458,10
base,f0e13f8222c18baa03227213aa44e44bb3cafd7a,3,plain,12,fromJSON,38.33468818518519,42.455952839999846,1.5439740623495781,27
head,0ab1bcd03647352712870ed677d515cc5157f0f6,3,plain,12,serialize,109.88791689999998,116.48354147000002,2.5755724851904933,10
head,0ab1bcd03647352712870ed677d515cc5157f0f6,3,plain,12,toJSON,65.02220587500003,81.67474195000004,6.919040983786235,16
head,0ab1bcd03647352712870ed677d515cc5157f0f6,3,plain,12,fromJSON,46.585946954545506,85.08414186000007,13.756025924846647,22
base,f0e13f8222c18baa03227213aa44e44bb3cafd7a,3,plain,16,serialize,228.98402520000002,299.4581582499999,10.597771678608323,10
base,f0e13f8222c18baa03227213aa44e44bb3cafd7a,3,plain,16,toJSON,136.52247929999993,152.57305394,3.7793895726973075,10
base,f0e13f8222c18baa03227213aa44e44bb3cafd7a,3,plain,16,fromJSON,37.36583481481477,41.88368300000031,1.7787741198495095,27
head,0ab1bcd03647352712870ed677d515cc5157f0f6,3,plain,16,serialize,109.76167069999994,113.90166124999999,2.0987966170305,10
head,0ab1bcd03647352712870ed677d515cc5157f0f6,3,plain,16,toJSON,58.92164705882348,66.33505555999974,2.4152673707022236,17
head,0ab1bcd03647352712870ed677d515cc5157f0f6,3,plain,16,fromJSON,36.281363000000084,37.86154249999995,0.8684732311350264,28
base,f0e13f8222c18baa03227213aa44e44bb3cafd7a,3,plain,32,serialize,269.6906249000001,277.28429749999987,1.1446612252503248,10
base,f0e13f8222c18baa03227213aa44e44bb3cafd7a,3,plain,32,toJSON,204.95025809999999,230.89673433999965,3.6247971431118304,10
base,f0e13f8222c18baa03227213aa44e44bb3cafd7a,3,plain,32,fromJSON,32.20193365624997,37.44819581000011,2.730627986719096,32
head,0ab1bcd03647352712870ed677d515cc5157f0f6,3,plain,32,serialize,111.62531259999999,121.41851074999992,2.9669127323691664,10
head,0ab1bcd03647352712870ed677d515cc5157f0f6,3,plain,32,toJSON,56.71203488888884,62.97735772000005,2.538568939143792,18
head,0ab1bcd03647352712870ed677d515cc5157f0f6,3,plain,32,fromJSON,42.269479083333394,43.418486589999944,0.7445024747018498,24
base,f0e13f8222c18baa03227213aa44e44bb3cafd7a,3,escaped,2,serialize,160.72297890000002,184.71019475000008,5.118898204610928,10
base,f0e13f8222c18baa03227213aa44e44bb3cafd7a,3,escaped,2,toJSON,81.73548061538465,94.4211810000001,4.317356311304104,13
base,f0e13f8222c18baa03227213aa44e44bb3cafd7a,3,escaped,2,fromJSON,79.09659615384624,85.0200830400002,2.078706101374853,13
head,0ab1bcd03647352712870ed677d515cc5157f0f6,3,escaped,2,serialize,158.83989169999995,203.96627993999982,9.54876474941377,10
head,0ab1bcd03647352712870ed677d515cc5157f0f6,3,escaped,2,toJSON,82.79896476923085,94.32772808000004,3.834131708330845,13
head,0ab1bcd03647352712870ed677d515cc5157f0f6,3,escaped,2,fromJSON,62.56519006250005,68.3891581000004,2.9235783675976426,16
base,f0e13f8222c18baa03227213aa44e44bb3cafd7a,3,escaped,4,serialize,183.98728749999995,221.95014822000016,7.4164202621950714,10
base,f0e13f8222c18baa03227213aa44e44bb3cafd7a,3,escaped,4,toJSON,107.21289170000009,123.94529821999973,5.351804547597257,10
base,f0e13f8222c18baa03227213aa44e44bb3cafd7a,3,escaped,4,fromJSON,89.62230558333349,91.93906124999955,1.2335968483810487,12
head,0ab1bcd03647352712870ed677d515cc5157f0f6,3,escaped,4,serialize,171.26082910000002,185.79942728000015,3.4277387433440025,10
head,0ab1bcd03647352712870ed677d515cc5157f0f6,3,escaped,4,toJSON,92.89427663636356,106.98959200000009,4.100580766125395,11
head,0ab1bcd03647352712870ed677d515cc5157f0f6,3,escaped,4,fromJSON,66.27367162499996,72.41716430000038,3.1935902985961295,16
base,f0e13f8222c18baa03227213aa44e44bb3cafd7a,3,escaped,8,serialize,256.4207207,512.02245944,28.993982368710352,10
base,f0e13f8222c18baa03227213aa44e44bb3cafd7a,3,escaped,8,toJSON,122.91217489999991,155.52024121999972,10.339539090906328,10
base,f0e13f8222c18baa03227213aa44e44bb3cafd7a,3,escaped,8,fromJSON,74.39168149999976,81.09813033999988,3.4928620471474714,14
head,0ab1bcd03647352712870ed677d515cc5157f0f6,3,escaped,8,serialize,140.37439149999997,161.6029524400001,4.724284530431135,10
head,0ab1bcd03647352712870ed677d515cc5157f0f6,3,escaped,8,toJSON,78.79166023076921,95.1185530400002,5.2371446365487095,13
head,0ab1bcd03647352712870ed677d515cc5157f0f6,3,escaped,8,fromJSON,51.72340619999996,73.11716327000047,5.733588722162189,20
base,f0e13f8222c18baa03227213aa44e44bb3cafd7a,3,escaped,12,serialize,183.99769159999994,201.12857875,3.9589621888538638,10
base,f0e13f8222c18baa03227213aa44e44bb3cafd7a,3,escaped,12,toJSON,118.72330830000016,125.569175,2.9092376665052373,10
base,f0e13f8222c18baa03227213aa44e44bb3cafd7a,3,escaped,12,fromJSON,62.760770937500006,72.87198129999975,3.191219081404669,16
head,0ab1bcd03647352712870ed677d515cc5157f0f6,3,escaped,12,serialize,157.73775829999997,195.60839128000006,7.453488303812223,10
head,0ab1bcd03647352712870ed677d515cc5157f0f6,3,escaped,12,toJSON,122.91019980000002,216.90001802999979,22.77017609595198,10
head,0ab1bcd03647352712870ed677d515cc5157f0f6,3,escaped,12,fromJSON,55.16932231578956,60.424192000000424,2.1067399953324033,19
base,f0e13f8222c18baa03227213aa44e44bb3cafd7a,3,escaped,16,serialize,202.64696669999987,225.6617387800001,3.557460339372038,10
base,f0e13f8222c18baa03227213aa44e44bb3cafd7a,3,escaped,16,toJSON,135.25162940000013,153.41261077999954,4.172623116198873,10
base,f0e13f8222c18baa03227213aa44e44bb3cafd7a,3,escaped,16,fromJSON,63.907578124999986,66.78015004999952,1.5247844174340468,16
head,0ab1bcd03647352712870ed677d515cc5157f0f6,3,escaped,16,serialize,152.17243320000006,163.91273127999997,2.6308141704954666,10
head,0ab1bcd03647352712870ed677d515cc5157f0f6,3,escaped,16,toJSON,89.81520141666662,100.47637462000016,3.563091178572663,12
head,0ab1bcd03647352712870ed677d515cc5157f0f6,3,escaped,16,fromJSON,55.53368426315783,58.173632380000015,1.4356936261895419,19
base,f0e13f8222c18baa03227213aa44e44bb3cafd7a,3,escaped,32,serialize,278.8977372999998,303.17143296999996,2.456091646183542,10
base,f0e13f8222c18baa03227213aa44e44bb3cafd7a,3,escaped,32,toJSON,221.6045043,258.4561187499998,4.750450443792312,10
base,f0e13f8222c18baa03227213aa44e44bb3cafd7a,3,escaped,32,fromJSON,63.41234118749991,66.2595768499992,1.7043023847653505,16
head,0ab1bcd03647352712870ed677d515cc5157f0f6,3,escaped,32,serialize,162.2650042,187.44410749999997,4.4782238776459415,10
head,0ab1bcd03647352712870ed677d515cc5157f0f6,3,escaped,32,toJSON,102.73335829999988,109.66801696999936,2.7279622807391566,10
head,0ab1bcd03647352712870ed677d515cc5157f0f6,3,escaped,32,fromJSON,59.58968611764719,79.38010327999967,5.554510000524412,17
base,f0e13f8222c18baa03227213aa44e44bb3cafd7a,4,plain,2,serialize,131.71289179999994,160.02792815999993,7.319663925047165,10
base,f0e13f8222c18baa03227213aa44e44bb3cafd7a,4,plain,2,toJSON,78.12638761538463,98.66692304,8.196868768457644,13
base,f0e13f8222c18baa03227213aa44e44bb3cafd7a,4,plain,2,fromJSON,39.9313478076923,76.87369800000033,10.279202513698204,26
head,0ab1bcd03647352712870ed677d515cc5157f0f6,4,plain,2,serialize,118.59547920000003,123.24739425000013,1.3486620786548202,10
head,0ab1bcd03647352712870ed677d515cc5157f0f6,4,plain,2,toJSON,60.5662059411765,65.39620028000002,1.7355890819497466,17
head,0ab1bcd03647352712870ed677d515cc5157f0f6,4,plain,2,fromJSON,33.75500280000003,35.486657959999974,1.029016714656913,30
base,f0e13f8222c18baa03227213aa44e44bb3cafd7a,4,plain,4,serialize,134.49553329999998,143.42204890999994,2.975532733350652,10
base,f0e13f8222c18baa03227213aa44e44bb3cafd7a,4,plain,4,toJSON,76.36039864285709,84.11882549999989,2.5356573867126757,14
base,f0e13f8222c18baa03227213aa44e44bb3cafd7a,4,plain,4,fromJSON,42.44257462499995,47.21388606999987,2.196850156597456,24
head,0ab1bcd03647352712870ed677d515cc5157f0f6,4,plain,4,serialize,132.98133760000002,167.7479850299999,10.91172294826544,10
head,0ab1bcd03647352712870ed677d515cc5157f0f6,4,plain,4,toJSON,83.92078133333331,118.0988688900001,11.010948182968331,12
head,0ab1bcd03647352712870ed677d515cc5157f0f6,4,plain,4,fromJSON,37.30628551851835,39.429866419999854,1.4470693588032284,27
base,f0e13f8222c18baa03227213aa44e44bb3cafd7a,4,plain,8,serialize,162.358146,167.47895952999986,1.4034914579010733,10
base,f0e13f8222c18baa03227213aa44e44bb3cafd7a,4,plain,8,toJSON,111.50756259999989,117.00123762999999,1.6610590805823964,10
base,f0e13f8222c18baa03227213aa44e44bb3cafd7a,4,plain,8,fromJSON,35.26698699999988,36.180529759999665,0.6291336135470259,29
head,0ab1bcd03647352712870ed677d515cc5157f0f6,4,plain,8,serialize,108.30798750000001,112.41621772000006,2.111662425523157,10
head,0ab1bcd03647352712870ed677d515cc5157f0f6,4,plain,8,toJSON,58.41426400000005,65.63423125000028,1.989885323161447,18
head,0ab1bcd03647352712870ed677d515cc5157f0f6,4,plain,8,fromJSON,35.232785758620686,36.055109759999574,0.7770454261339602,29
base,f0e13f8222c18baa03227213aa44e44bb3cafd7a,4,plain,12,serialize,193.38907929999993,256.3136380299998,9.67050991841592,10
base,f0e13f8222c18baa03227213aa44e44bb3cafd7a,4,plain,12,toJSON,130.7970792000002,140.9894475300006,2.521985880044556,10
base,f0e13f8222c18baa03227213aa44e44bb3cafd7a,4,plain,12,fromJSON,36.71889142857142,46.623225179999764,2.9125506906477585,28
head,0ab1bcd03647352712870ed677d515cc5157f0f6,4,plain,12,serialize,116.8227457,121.21618694000003,2.1700547526221996,10
head,0ab1bcd03647352712870ed677d515cc5157f0f6,4,plain,12,toJSON,59.11471329411766,66.07428683999998,2.2483045573596816,17
head,0ab1bcd03647352712870ed677d515cc5157f0f6,4,plain,12,fromJSON,39.17526923076919,40.63907324999968,1.2003695876234972,26
base,f0e13f8222c18baa03227213aa44e44bb3cafd7a,4,plain,16,serialize,264.4315502,269.16279775000004,1.2277833840339263,10
base,f0e13f8222c18baa03227213aa44e44bb3cafd7a,4,plain,16,toJSON,215.70650399999994,244.26229513,3.913100907873542,10
base,f0e13f8222c18baa03227213aa44e44bb3cafd7a,4,plain,16,fromJSON,37.662521518518524,58.74298699999993,5.995732670360927,27
head,0ab1bcd03647352712870ed677d515cc5157f0f6,4,plain,16,serialize,116.54443760000004,123.42900900000012,2.6859631103827946,10
head,0ab1bcd03647352712870ed677d515cc5157f0f6,4,plain,16,toJSON,64.90262756249997,73.97414825000003,2.472451735281515,16
head,0ab1bcd03647352712870ed677d515cc5157f0f6,4,plain,16,fromJSON,35.06280903448283,36.456864760000535,0.9810803411163466,29
base,f0e13f8222c18baa03227213aa44e44bb3cafd7a,4,plain,32,serialize,345.09738769999996,374.7478214999999,3.401696944942842,10
base,f0e13f8222c18baa03227213aa44e44bb3cafd7a,4,plain,32,toJSON,253.58205420000004,268.4246475000012,2.714566137626178,10
base,f0e13f8222c18baa03227213aa44e44bb3cafd7a,4,plain,32,fromJSON,37.27291196296304,41.385557840000395,1.5247023174962813,27
head,0ab1bcd03647352712870ed677d515cc5157f0f6,4,plain,32,serialize,133.59458729999994,145.81895850000018,3.3063624263276497,10
head,0ab1bcd03647352712870ed677d515cc5157f0f6,4,plain,32,toJSON,69.58226093333333,76.07603688000003,1.7423684664215844,15
head,0ab1bcd03647352712870ed677d515cc5157f0f6,4,plain,32,fromJSON,37.646283962962926,44.28678999999958,2.082484297756846,27
base,f0e13f8222c18baa03227213aa44e44bb3cafd7a,4,escaped,2,serialize,135.9229251,143.86962881,2.653320088423886,10
base,f0e13f8222c18baa03227213aa44e44bb3cafd7a,4,escaped,2,toJSON,81.68415361538463,107.63245799999984,9.169838430339528,13
base,f0e13f8222c18baa03227213aa44e44bb3cafd7a,4,escaped,2,fromJSON,71.02735566666667,89.1870703800006,6.785856184336529,15
head,0ab1bcd03647352712870ed677d515cc5157f0f6,4,escaped,2,serialize,120.02070419999998,131.87355755999985,3.1624912085039614,10
head,0ab1bcd03647352712870ed677d515cc5157f0f6,4,escaped,2,toJSON,71.51011021428576,84.19598937000015,4.8160186760278005,14
head,0ab1bcd03647352712870ed677d515cc5157f0f6,4,escaped,2,fromJSON,49.702065428571544,54.02388360000059,2.2237670090090678,21
base,f0e13f8222c18baa03227213aa44e44bb3cafd7a,4,escaped,4,serialize,164.3483961,259.3337194700001,17.384499649970508,10
base,f0e13f8222c18baa03227213aa44e44bb3cafd7a,4,escaped,4,toJSON,85.55263891666667,94.38520650999969,3.217743662300908,12
base,f0e13f8222c18baa03227213aa44e44bb3cafd7a,4,escaped,4,fromJSON,67.35521106666648,80.25401949999981,4.392876360386113,15
head,0ab1bcd03647352712870ed677d515cc5157f0f6,4,escaped,4,serialize,127.22302919999997,137.5147137199998,2.691607407249313,10
head,0ab1bcd03647352712870ed677d515cc5157f0f6,4,escaped,4,toJSON,74.00703871428573,103.44332500000016,8.193635164413408,14
head,0ab1bcd03647352712870ed677d515cc5157f0f6,4,escaped,4,fromJSON,52.532139599999944,66.5320863099999,5.467761070482678,20
base,f0e13f8222c18baa03227213aa44e44bb3cafd7a,4,escaped,8,serialize,191.58617080000002,228.1328620000002,5.9462915823660385,10
base,f0e13f8222c18baa03227213aa44e44bb3cafd7a,4,escaped,8,toJSON,132.51833750000014,178.00791119000004,10.067322568111523,10
base,f0e13f8222c18baa03227213aa44e44bb3cafd7a,4,escaped,8,fromJSON,63.67079162500005,65.10697050000013,0.8422545821494783,16
head,0ab1bcd03647352712870ed677d515cc5157f0f6,4,escaped,8,serialize,130.8173958,145.25421756000011,3.4874998538126234,10
head,0ab1bcd03647352712870ed677d515cc5157f0f6,4,escaped,8,toJSON,76.0150209285714,83.27604920999973,2.7162375593582566,14
head,0ab1bcd03647352712870ed677d515cc5157f0f6,4,escaped,8,fromJSON,51.956633499999995,55.90593521000032,3.0487023572915706,20
base,f0e13f8222c18baa03227213aa44e44bb3cafd7a,4,escaped,12,serialize,211.3832708,240.86332068999997,3.9208325638745127,10
base,f0e13f8222c18baa03227213aa44e44bb3cafd7a,4,escaped,12,toJSON,134.71663739999985,141.39451296999928,2.5965142263479826,10
base,f0e13f8222c18baa03227213aa44e44bb3cafd7a,4,escaped,12,fromJSON,74.41897921428556,140.0156140399999,17.616793601580323,14
head,0ab1bcd03647352712870ed677d515cc5157f0f6,4,escaped,12,serialize,151.26327519999987,164.1975445000001,2.5975081515399636,10
head,0ab1bcd03647352712870ed677d515cc5157f0f6,4,escaped,12,toJSON,94.37185074999998,130.79062238000046,9.232030960609318,12
head,0ab1bcd03647352712870ed677d515cc5157f0f6,4,escaped,12,fromJSON,59.12531617647074,67.66584472000014,3.056237665847257,17
base,f0e13f8222c18baa03227213aa44e44bb3cafd7a,4,escaped,16,serialize,220.59371660000005,284.48743678000017,9.021716074638418,10
base,f0e13f8222c18baa03227213aa44e44bb3cafd7a,4,escaped,16,toJSON,155.38047920000017,182.35117881000045,6.236476065767039,10
base,f0e13f8222c18baa03227213aa44e44bb3cafd7a,4,escaped,16,fromJSON,71.36097499999984,82.40125337999991,3.0486036617474075,15
head,0ab1bcd03647352712870ed677d515cc5157f0f6,4,escaped,16,serialize,135.0176418,156.71141571999965,5.080644162577616,10
head,0ab1bcd03647352712870ed677d515cc5157f0f6,4,escaped,16,toJSON,82.52302246153845,107.7425600399998,7.898977538630265,13
head,0ab1bcd03647352712870ed677d515cc5157f0f6,4,escaped,16,fromJSON,71.51392871428575,109.65868391999976,12.035215003821497,14
base,f0e13f8222c18baa03227213aa44e44bb3cafd7a,4,escaped,32,serialize,357.04667099999995,368.94089499999944,1.0837603584628446,10
base,f0e13f8222c18baa03227213aa44e44bb3cafd7a,4,escaped,32,toJSON,301.6595,318.3334524700001,1.9870972562507656,10
base,f0e13f8222c18baa03227213aa44e44bb3cafd7a,4,escaped,32,fromJSON,78.52454478571444,141.12168563000046,19.69775714972548,14
head,0ab1bcd03647352712870ed677d515cc5157f0f6,4,escaped,32,serialize,188.02884600000004,206.25395999999998,3.290208564129999,10
head,0ab1bcd03647352712870ed677d515cc5157f0f6,4,escaped,32,toJSON,113.34177490000002,121.79964731000011,2.69196893144276,10
head,0ab1bcd03647352712870ed677d515cc5157f0f6,4,escaped,32,fromJSON,61.481411647058955,63.262776840000555,0.9135256742494948,17
base,f0e13f8222c18baa03227213aa44e44bb3cafd7a,5,plain,2,serialize,128.38558329999995,133.67786628000005,1.7204646045879026,10
base,f0e13f8222c18baa03227213aa44e44bb3cafd7a,5,plain,2,toJSON,71.01295286666664,99.71408450000021,7.303095825590618,15
base,f0e13f8222c18baa03227213aa44e44bb3cafd7a,5,plain,2,fromJSON,36.40602974999999,39.442968750000155,1.820493788607168,28
head,0ab1bcd03647352712870ed677d515cc5157f0f6,5,plain,2,serialize,122.34145439999998,128.81629518999992,1.762697620688418,10
head,0ab1bcd03647352712870ed677d515cc5157f0f6,5,plain,2,toJSON,66.23240106250006,73.37704190000007,2.0918347430487314,16
head,0ab1bcd03647352712870ed677d515cc5157f0f6,5,plain,2,fromJSON,36.71614589285711,37.65456615999966,0.6621524438209889,28
base,f0e13f8222c18baa03227213aa44e44bb3cafd7a,5,plain,4,serialize,141.61928760000004,147.23436447000003,2.205203138822631,10
base,f0e13f8222c18baa03227213aa44e44bb3cafd7a,5,plain,4,toJSON,86.06153475000008,98.75470174999998,5.387184352767972,12
base,f0e13f8222c18baa03227213aa44e44bb3cafd7a,5,plain,4,fromJSON,45.48571968181812,78.87091749999995,10.229777289634919,22
head,0ab1bcd03647352712870ed677d515cc5157f0f6,5,plain,4,serialize,135.29953769999997,231.7138069999998,19.936487634174156,10
head,0ab1bcd03647352712870ed677d515cc5157f0f6,5,plain,4,toJSON,65.39638287499999,80.03258755000007,4.8946085305392995,16
head,0ab1bcd03647352712870ed677d515cc5157f0f6,5,plain,4,fromJSON,49.27068257142864,57.84008320000066,3.6821877267058754,21
base,f0e13f8222c18baa03227213aa44e44bb3cafd7a,5,plain,8,serialize,154.74762869999998,160.83047599999995,1.9949238184287126,10
base,f0e13f8222c18baa03227213aa44e44bb3cafd7a,5,plain,8,toJSON,101.63712100000002,112.47271325000007,3.600393980218423,10
base,f0e13f8222c18baa03227213aa44e44bb3cafd7a,5,plain,8,fromJSON,35.49844982758627,40.895008520000005,2.61598724975838,29
head,0ab1bcd03647352712870ed677d515cc5157f0f6,5,plain,8,serialize,122.9837999,130.94412927999994,3.912513537089763,10
head,0ab1bcd03647352712870ed677d515cc5157f0f6,5,plain,8,toJSON,69.65720833333339,76.28275925999988,3.502523328197444,15
head,0ab1bcd03647352712870ed677d515cc5157f0f6,5,plain,8,fromJSON,42.08350520833334,46.83594752000039,2.2765249608302414,24
base,f0e13f8222c18baa03227213aa44e44bb3cafd7a,5,plain,12,serialize,193.64395410000003,199.2331274700001,1.4744619401137629,10
base,f0e13f8222c18baa03227213aa44e44bb3cafd7a,5,plain,12,toJSON,134.9794624000001,144.99764316000005,2.752221535576285,10
base,f0e13f8222c18baa03227213aa44e44bb3cafd7a,5,plain,12,fromJSON,38.2338749259259,41.63173807999959,1.6148711704851135,27
head,0ab1bcd03647352712870ed677d515cc5157f0f6,5,plain,12,serialize,118.89871230000004,124.23109874999996,2.370484201026309,10
head,0ab1bcd03647352712870ed677d515cc5157f0f6,5,plain,12,toJSON,66.12538550000001,74.39571700000015,2.7163003919850905,16
head,0ab1bcd03647352712870ed677d515cc5157f0f6,5,plain,12,fromJSON,37.457391999999814,38.92690749999998,0.9039175263396888,27
base,f0e13f8222c18baa03227213aa44e44bb3cafd7a,5,plain,16,serialize,213.90920830000002,233.29274947000005,3.41180478407208,10
base,f0e13f8222c18baa03227213aa44e44bb3cafd7a,5,plain,16,toJSON,159.09122080000014,177.04454000000052,3.670501808754967,10
base,f0e13f8222c18baa03227213aa44e44bb3cafd7a,5,plain,16,fromJSON,37.260246851851896,38.70835765999984,0.7969744386874213,27
head,0ab1bcd03647352712870ed677d515cc5157f0f6,5,plain,16,serialize,119.93783750000001,133.37662694,4.16565131541923,10
head,0ab1bcd03647352712870ed677d515cc5157f0f6,5,plain,16,toJSON,58.40791205555554,69.38590214000018,3.3710602352979326,18
head,0ab1bcd03647352712870ed677d515cc5157f0f6,5,plain,16,fromJSON,37.90266192592595,42.97326441999998,2.3671313001511383,27
base,f0e13f8222c18baa03227213aa44e44bb3cafd7a,5,plain,32,serialize,357.64457909999993,365.28437056,0.9137540434043299,10
base,f0e13f8222c18baa03227213aa44e44bb3cafd7a,5,plain,32,toJSON,272.2538500000001,279.2412197799997,1.0411967797808677,10
base,f0e13f8222c18baa03227213aa44e44bb3cafd7a,5,plain,32,fromJSON,36.10791210714264,38.90620182000023,1.4421785627886337,28
head,0ab1bcd03647352712870ed677d515cc5157f0f6,5,plain,32,serialize,113.68554169999999,118.64888300000018,1.8000830504002803,10
head,0ab1bcd03647352712870ed677d515cc5157f0f6,5,plain,32,toJSON,58.90072058823526,70.5510852799999,4.790294682486207,17
head,0ab1bcd03647352712870ed677d515cc5157f0f6,5,plain,32,fromJSON,36.25901925,39.13252143000047,1.4152789726653037,28
base,f0e13f8222c18baa03227213aa44e44bb3cafd7a,5,escaped,2,serialize,135.51137910000003,144.75986875,3.453689801843153,10
base,f0e13f8222c18baa03227213aa44e44bb3cafd7a,5,escaped,2,toJSON,68.91550560000002,73.42460088000007,2.2943095910133118,15
base,f0e13f8222c18baa03227213aa44e44bb3cafd7a,5,escaped,2,fromJSON,66.78829473333317,83.14467726000008,5.463171846355725,15
head,0ab1bcd03647352712870ed677d515cc5157f0f6,5,escaped,2,serialize,116.72630419999996,124.35697927999989,2.606655972369174,10
head,0ab1bcd03647352712870ed677d515cc5157f0f6,5,escaped,2,toJSON,64.44641662499998,76.82133740000019,3.821080443432856,16
head,0ab1bcd03647352712870ed677d515cc5157f0f6,5,escaped,2,fromJSON,49.122829238095214,52.72752540000056,1.5685115691527505,21
base,f0e13f8222c18baa03227213aa44e44bb3cafd7a,5,escaped,4,serialize,172.95553750000008,180.04357375000015,2.697019941542932,10
base,f0e13f8222c18baa03227213aa44e44bb3cafd7a,5,escaped,4,toJSON,97.66738263636361,104.31341699999984,3.4487949771856328,11
base,f0e13f8222c18baa03227213aa44e44bb3cafd7a,5,escaped,4,fromJSON,82.07163138461544,95.18329104000026,8.261956303468999,13
head,0ab1bcd03647352712870ed677d515cc5157f0f6,5,escaped,4,serialize,144.4153334000001,161.98443900000007,4.382555663219702,10
head,0ab1bcd03647352712870ed677d515cc5157f0f6,5,escaped,4,toJSON,75.43913700000007,91.80907500000029,5.147781837024711,14
head,0ab1bcd03647352712870ed677d515cc5157f0f6,5,escaped,4,fromJSON,56.798585473684156,84.49435794000007,7.367660366626619,19
base,f0e13f8222c18baa03227213aa44e44bb3cafd7a,5,escaped,8,serialize,201.66756680000003,225.61894005999991,4.61451093479806,10
base,f0e13f8222c18baa03227213aa44e44bb3cafd7a,5,escaped,8,toJSON,123.02787490000006,137.4690526599997,3.9066566585245606,10
base,f0e13f8222c18baa03227213aa44e44bb3cafd7a,5,escaped,8,fromJSON,66.85541946666655,68.99689726000008,1.157175928191114,15
head,0ab1bcd03647352712870ed677d515cc5157f0f6,5,escaped,8,serialize,139.96922490000006,199.3793981900002,12.474856926184938,10
head,0ab1bcd03647352712870ed677d515cc5157f0f6,5,escaped,8,toJSON,83.46129850000008,99.41622312999996,5.378429489444377,12
head,0ab1bcd03647352712870ed677d515cc5157f0f6,5,escaped,8,fromJSON,52.07696860000014,56.21583577000001,1.9496408502344513,20
base,f0e13f8222c18baa03227213aa44e44bb3cafd7a,5,escaped,12,serialize,200.96098730000008,210.7461637500002,1.5860337610398383,10
base,f0e13f8222c18baa03227213aa44e44bb3cafd7a,5,escaped,12,toJSON,131.46318330000022,155.45308874999984,6.176833610930124,10
base,f0e13f8222c18baa03227213aa44e44bb3cafd7a,5,escaped,12,fromJSON,67.1019527333335,72.4593532400002,2.7055362197875623,15
head,0ab1bcd03647352712870ed677d515cc5157f0f6,5,escaped,12,serialize,153.87077070000004,171.8713655,4.0660772653319635,10
head,0ab1bcd03647352712870ed677d515cc5157f0f6,5,escaped,12,toJSON,92.26456818181822,100.83862110000032,4.211533730919641,11
head,0ab1bcd03647352712870ed677d515cc5157f0f6,5,escaped,12,fromJSON,56.294597222222365,59.47211889000032,1.7874133384085618,18
base,f0e13f8222c18baa03227213aa44e44bb3cafd7a,5,escaped,16,serialize,306.07021249999997,348.9007192799999,6.15417867093282,10
base,f0e13f8222c18baa03227213aa44e44bb3cafd7a,5,escaped,16,toJSON,221.95149170000002,334.5839757499997,14.567182998582497,10
base,f0e13f8222c18baa03227213aa44e44bb3cafd7a,5,escaped,16,fromJSON,102.35686270000005,139.4196995300002,12.480689320389391,10
head,0ab1bcd03647352712870ed677d515cc5157f0f6,5,escaped,16,serialize,168.43647079999994,224.5956667499999,9.869169801028658,10
head,0ab1bcd03647352712870ed677d515cc5157f0f6,5,escaped,16,toJSON,89.488132,109.21862736000017,5.617055128486596,12
head,0ab1bcd03647352712870ed677d515cc5157f0f6,5,escaped,16,fromJSON,60.20794358823519,61.96548144000026,1.3734911348378085,17
base,f0e13f8222c18baa03227213aa44e44bb3cafd7a,5,escaped,32,serialize,335.3816543000001,371.54111300000017,3.468294032000941,10
base,f0e13f8222c18baa03227213aa44e44bb3cafd7a,5,escaped,32,toJSON,261.35201250000017,298.86659,4.261575826745169,10
base,f0e13f8222c18baa03227213aa44e44bb3cafd7a,5,escaped,32,fromJSON,67.70133880000006,77.28186200000094,3.0537882076027927,15
head,0ab1bcd03647352712870ed677d515cc5157f0f6,5,escaped,32,serialize,171.1209626,178.42734303000003,1.559992806499346,10
head,0ab1bcd03647352712870ed677d515cc5157f0f6,5,escaped,32,toJSON,109.25877100000001,117.11186619000028,2.811764440315944,10
head,0ab1bcd03647352712870ed677d515cc5157f0f6,5,escaped,32,fromJSON,62.05815188235294,84.8313569999994,5.8764721489449885,17
